customer_id,purchase_amount,date_purchase
4018,4619,05/02/2023
4115,2456,11/07/2023
4019,2102,23/03/2023
4097,3126,15/03/2023
3997,3003,27/11/2022
4080,2914,11/12/2022
4055,2571,08/07/2023
3973,2419,10/11/2022
4044,4771,19/05/2023
4010,4233,11/06/2023
4108,2356,19/03/2023
4067,4418,21/11/2022
4068,3728,09/12/2022
4102,2130,29/01/2023
4044,2122,01/08/2023
4096,2383,10/04/2023
4017,2895,17/07/2023
4001,2952,13/06/2023
3976,4069,18/06/2023
4103,4465,21/11/2022
4081,2108,25/03/2023
3986,4298,05/04/2023
4108,2814,11/02/2023
4109,4932,20/12/2022
4075,4661,12/04/2023
4040,4872,25/08/2023
4099,4232,25/10/2022
3981,3718,10/09/2023
4070,2902,04/08/2023
4002,3839,26/05/2023
4035,4413,23/12/2022
4060,3139,26/01/2023
3974,2026,16/04/2023
4110,2653,11/10/2022
3984,4859,19/12/2022
4109,3731,02/03/2023
4054,3393,28/02/2023
4040,3138,12/05/2023
4083,2636,09/04/2023
4122,2881,22/02/2023
3972,3378,06/05/2023
3980,2418,26/05/2023
4012,2379,29/05/2023
3992,101,13/12/2022
4105,164,20/10/2022
4119,21,03/04/2023
3957,147,04/11/2022
3994,,16/05/2023
3995,30,23/11/2022
4072,170,15/10/2022
4093,102,25/05/2023
4031,190,14/01/2023
4056,,02/11/2022
4114,84,15/06/2023
4104,69,27/05/2023
4071,107,03/12/2022
4007,172,05/04/2023
4009,51,16/04/2023
4038,63,13/02/2023
4033,189,31/08/2023
4102,175,05/06/2023
4034,,01/07/2023
4068,146,26/08/2023
4045,51,27/01/2023
3979,79,05/06/2023
4106,173,07/09/2023
3959,66,02/11/2022
4113,24,20/01/2023
4087,18,21/11/2022
4060,112,08/06/2023
3989,64,13/03/2023
4032,155,08/03/2023
3972,90,26/01/2023
4051,137,30/06/2023
4097,174,10/10/2022
3970,77,05/01/2023
3957,,16/05/2023
4100,147,02/03/2023
4048,159,08/11/2022
3985,159,05/03/2023
4029,66,16/06/2023
3964,45,17/03/2023
4017,33,28/09/2023
4067,38,25/05/2023
4108,,10/09/2023
4057,,02/01/2023
4117,162,16/04/2023
4038,,27/10/2022
4054,129,23/12/2022
4060,151,17/07/2023
4054,12,29/12/2022
4068,39,21/03/2023
4096,147,11/02/2023
4011,174,21/04/2023
4001,85,17/09/2023
4078,126,29/06/2023
3992,,26/04/2023
4005,194,16/12/2022
4099,138,20/05/2023
4055,139,05/01/2023
4049,170,13/07/2023
4063,173,23/06/2023
3996,60,04/03/2023
4030,,25/10/2022
3989,148,19/05/2023
3991,145,03/05/2023
3959,163,09/05/2023
3975,14,07/02/2023
4122,,10/12/2022
3961,88,07/10/2022
3993,71,18/05/2023
4081,30,01/09/2023
4068,,13/04/2023
3991,27,16/09/2023
3978,146,15/01/2023
3992,42,14/12/2022
4121,150,03/06/2023
4063,,05/11/2022
4073,165,28/09/2023
4111,64,15/01/2023
4065,196,24/03/2023
4116,192,16/01/2023
4003,181,09/07/2023
4073,122,25/04/2023
4087,125,02/06/2023
4065,,03/05/2023
4098,96,21/09/2023
4072,,11/12/2022
4055,160,03/04/2023
4047,28,07/08/2023
4014,25,05/12/2022
4004,18,21/01/2023
4065,28,29/06/2023
4111,81,10/05/2023
3958,64,17/06/2023
4104,195,02/06/2023
4084,156,08/08/2023
4017,72,28/10/2022
4085,114,28/04/2023
4025,,10/09/2023
4062,,22/09/2023
4096,118,17/10/2022
4104,196,13/02/2023
4050,,23/06/2023
3965,175,26/06/2023
3966,,21/04/2023
4102,96,31/07/2023
4080,37,14/09/2023
4051,58,29/01/2023
3985,45,31/12/2022
4105,81,31/10/2022
4080,29,22/09/2023
3977,150,22/03/2023
3993,,09/04/2023
4091,148,30/01/2023
4028,33,11/02/2023
4076,70,05/10/2022
4089,,28/03/2023
3977,64,15/10/2022
4090,25,18/09/2023
4113,,27/06/2023
3979,,07/08/2023
4019,126,15/12/2022
4077,188,01/06/2023
4118,152,12/01/2023
3976,134,24/07/2023
4119,,04/05/2023
4095,24,13/11/2022
4105,148,18/03/2023
4036,,03/08/2023
4113,22,20/05/2023
3970,138,09/05/2023
4044,145,10/02/2023
4093,,06/10/2022
3959,30,11/03/2023
4077,27,08/01/2023
4073,182,16/09/2023
4088,113,02/09/2023
4077,,15/03/2023
4103,73,30/04/2023
4041,20,20/05/2023
4064,117,31/10/2022
4047,154,01/06/2023
4032,76,15/06/2023
4031,193,02/08/2023
3999,77,27/05/2023
3966,181,14/06/2023
4109,127,30/09/2023
4034,28,24/03/2023
4101,,27/03/2023
4023,154,09/02/2023
3972,28,22/12/2022
4118,139,13/05/2023
4078,99,10/11/2022
4105,72,29/07/2023
4000,50,27/09/2023
4103,149,16/10/2022
3970,166,02/02/2023
4031,177,28/06/2023
4116,180,11/02/2023
3963,86,16/12/2022
4030,36,02/01/2023
4081,44,03/06/2023
3978,37,17/01/2023
3989,49,26/04/2023
4086,164,07/12/2022
3976,97,23/05/2023
4028,172,15/01/2023
4021,139,02/01/2023
3990,23,01/11/2022
4114,,28/09/2023
4028,80,31/12/2022
4027,,30/12/2022
4022,43,27/08/2023
3960,77,16/12/2022
3985,,05/06/2023
4111,190,23/11/2022
4001,12,25/11/2022
4108,,09/11/2022
3995,186,27/05/2023
4071,149,09/04/2023
4051,,31/08/2023
4001,151,09/06/2023
4023,,08/05/2023
4017,,08/08/2023
4081,20,02/12/2022
4003,63,10/06/2023
4092,180,25/11/2022
3965,,06/05/2023
4044,114,25/12/2022
3978,49,31/10/2022
3994,70,01/03/2023
4109,55,21/12/2022
3996,16,13/08/2023
4083,,07/07/2023
4062,115,10/04/2023
4055,198,29/11/2022
4017,78,26/02/2023
4069,,16/02/2023
4120,107,11/07/2023
3999,130,26/04/2023
4010,127,24/07/2023
4104,68,12/07/2023
4045,178,29/01/2023
3970,,18/10/2022
4121,27,11/04/2023
4024,81,30/12/2022
3986,140,24/11/2022
3970,147,07/05/2023
3999,17,25/07/2023
4075,,06/10/2022
4059,55,16/01/2023
4078,77,28/07/2023
4034,,01/01/2023
4078,98,05/01/2023
4093,90,17/10/2022
4016,140,02/01/2023
4054,,01/05/2023
4056,58,20/07/2023
4078,191,10/07/2023
4024,143,09/10/2022
3994,147,19/11/2022
4092,199,15/02/2023
4068,60,04/01/2023
3960,27,14/09/2023
4030,94,23/04/2023
4071,179,16/02/2023
4054,194,12/06/2023
4037,139,10/11/2022
4092,114,02/11/2022
3967,188,06/05/2023
3981,42,08/07/2023
4093,,14/10/2022
4120,107,07/11/2022
4047,54,20/05/2023
4067,87,27/05/2023
4113,10,11/10/2022
4026,63,20/01/2023
4042,158,12/11/2022
4026,92,24/04/2023
4025,123,09/01/2023
3982,140,18/05/2023
4022,198,22/10/2022
4106,,26/03/2023
4057,,17/09/2023
4075,172,07/10/2022
4018,33,18/10/2022
4107,70,28/02/2023
4006,67,27/07/2023
4090,47,11/01/2023
4043,,16/01/2023
4003,131,04/01/2023
4037,28,01/05/2023
4097,171,24/05/2023
3959,193,03/01/2023
3959,136,08/02/2023
3974,47,22/02/2023
3960,11,12/04/2023
4062,37,24/07/2023
3982,66,24/01/2023
4091,,28/11/2022
3983,142,15/05/2023
4071,152,22/12/2022
4046,41,17/07/2023
4013,128,21/02/2023
4029,153,17/05/2023
4021,123,11/05/2023
4006,194,02/02/2023
3965,119,13/07/2023
3963,150,04/10/2022
4115,50,05/07/2023
3980,131,23/01/2023
3971,73,17/07/2023
4109,80,18/10/2022
4012,143,23/04/2023
4110,71,17/03/2023
4120,29,12/02/2023
3988,70,02/11/2022
3987,91,21/12/2022
3979,30,30/03/2023
4111,,13/08/2023
3990,187,11/08/2023
4053,,10/07/2023
4122,116,17/03/2023
4101,148,26/11/2022
4004,25,24/09/2023
3985,117,07/08/2023
4004,159,22/01/2023
4021,15,07/08/2023
4032,157,25/01/2023
4076,11,06/12/2022
3976,86,26/05/2023
4120,117,25/09/2023
4073,198,21/12/2022
4027,164,11/06/2023
4066,134,02/01/2023
4039,121,05/07/2023
4022,109,15/11/2022
3998,183,22/12/2022
3975,195,22/07/2023
4027,,01/12/2022
3972,42,18/04/2023
4054,146,23/01/2023
4056,,29/03/2023
4042,154,31/08/2023
3972,31,26/10/2022
4023,44,03/03/2023
4024,56,17/07/2023
4002,,09/05/2023
4069,64,01/11/2022
3974,96,05/12/2022
4082,107,10/05/2023
4008,117,04/05/2023
4113,30,21/05/2023
4057,148,22/04/2023
4002,,28/08/2023
4122,67,20/03/2023
4082,176,28/12/2022
3984,,22/05/2023
3993,,26/12/2022
4095,15,12/07/2023
4067,71,27/08/2023
4012,,06/03/2023
4114,154,02/04/2023
4121,129,15/01/2023
3984,104,30/07/2023
4070,,09/06/2023
4023,193,14/02/2023
3983,,17/08/2023
3965,89,18/08/2023
3975,,29/07/2023
3975,,11/04/2023
4103,183,13/10/2022
4021,106,21/05/2023
4071,193,02/10/2022
3961,,17/06/2023
4084,170,08/07/2023
3995,188,12/05/2023
4120,185,05/03/2023
3957,40,03/10/2022
3966,154,04/05/2023
4056,98,12/06/2023
4025,179,06/04/2023
3995,139,01/05/2023
4041,13,13/10/2022
4057,135,27/12/2022
4104,,24/10/2022
3957,172,08/07/2023
4088,127,07/10/2022
4082,121,07/09/2023
4079,,23/11/2022
4068,176,18/07/2023
4060,147,28/12/2022
3974,129,02/08/2023
4095,197,25/10/2022
4014,92,25/12/2022
3957,32,05/01/2023
4055,125,10/11/2022
4080,128,10/04/2023
3988,181,04/03/2023
4102,17,31/01/2023
4094,93,15/08/2023
4048,,18/10/2022
4042,76,22/02/2023
4034,162,11/02/2023
4059,80,06/07/2023
3971,142,22/07/2023
4118,31,19/10/2022
4122,114,28/07/2023
3980,71,25/01/2023
4050,175,29/12/2022
4093,124,21/12/2022
4044,33,29/03/2023
3977,113,08/01/2023
4074,88,05/02/2023
4031,104,15/01/2023
4122,145,29/12/2022
4008,200,05/10/2022
4002,100,26/12/2022
4098,79,04/02/2023
3967,69,03/04/2023
4055,,05/11/2022
4005,,22/10/2022
4033,,19/12/2022
4056,186,11/04/2023
3984,,31/08/2023
4118,133,20/03/2023
4048,160,27/03/2023
4081,144,01/11/2022
3978,35,29/11/2022
4118,85,14/08/2023
4069,55,25/01/2023
4005,191,23/03/2023
3992,80,24/02/2023
3966,,19/03/2023
4006,,16/09/2023
3963,42,19/10/2022
4108,135,25/01/2023
4018,,27/04/2023
4082,,26/07/2023
4056,132,17/06/2023
3973,57,12/07/2023
4095,74,15/07/2023
4121,132,24/02/2023
4035,,22/09/2023
4084,,16/01/2023
4093,157,17/08/2023
4072,23,09/01/2023
3961,,04/02/2023
3966,87,08/01/2023
4043,,24/12/2022
3971,152,01/03/2023
4043,165,05/02/2023
3967,168,21/04/2023
4060,143,24/12/2022
3987,123,01/08/2023
4011,160,08/05/2023
4090,88,08/12/2022
4074,25,05/10/2022
4094,199,04/07/2023
3995,,15/10/2022
4105,170,28/03/2023
4016,179,17/07/2023
3975,,04/07/2023
3966,151,28/08/2023
3993,,28/01/2023
4082,,03/12/2022
3961,162,05/12/2022
4077,18,16/02/2023
4115,190,17/02/2023
3968,126,17/11/2022
4019,,23/12/2022
3990,77,25/07/2023
3960,170,31/10/2022
4001,60,17/05/2023
4118,149,21/03/2023
3969,48,04/08/2023
4035,46,21/04/2023
3981,,11/03/2023
4073,,11/08/2023
4113,155,05/08/2023
4000,122,12/08/2023
4108,,09/12/2022
3973,189,30/10/2022
3984,79,01/12/2022
3986,136,14/12/2022
4084,163,03/02/2023
4109,,13/06/2023
4114,92,25/04/2023
4013,16,11/01/2023
3973,,09/11/2022
4008,157,05/06/2023
4066,15,25/05/2023
4043,182,09/03/2023
4059,157,30/07/2023
4040,,10/04/2023
3987,130,21/02/2023
4104,123,22/12/2022
4096,56,04/11/2022
3992,121,09/10/2022
4039,135,16/04/2023
4011,130,03/01/2023
3968,95,02/08/2023
4108,36,16/02/2023
4001,94,26/08/2023
4042,136,18/11/2022
3973,112,18/07/2023
3987,150,14/01/2023
4027,,19/05/2023
3993,,26/03/2023
4063,39,16/08/2023
4000,113,21/11/2022
4051,10,29/07/2023
4098,148,08/12/2022
3999,23,02/01/2023
4069,,22/04/2023
4019,137,18/05/2023
4105,23,09/11/2022
3967,150,26/09/2023
3991,,27/01/2023
3982,188,22/11/2022
4118,17,05/06/2023
4113,165,10/04/2023
4053,191,28/01/2023
3997,,25/04/2023
3961,151,06/12/2022
4081,67,06/05/2023
3977,39,19/02/2023
3958,40,01/06/2023
3958,49,14/03/2023
4002,193,18/12/2022
3979,190,08/09/2023
4108,133,19/06/2023
4029,72,20/08/2023
4063,47,24/04/2023
4078,163,07/02/2023
3989,44,16/04/2023
4009,80,23/11/2022
3993,116,13/12/2022
4120,139,26/09/2023
4026,10,15/10/2022
4090,86,15/08/2023
4072,158,07/05/2023
4062,135,02/12/2022
4018,124,19/05/2023
4001,98,27/01/2023
4113,149,15/10/2022
3966,92,04/10/2022
4109,188,21/07/2023
4003,108,01/08/2023
4084,115,22/12/2022
4113,,04/09/2023
3979,190,01/07/2023
4117,107,16/02/2023
4034,179,12/03/2023
4046,176,11/12/2022
4064,136,17/02/2023
3958,42,02/11/2022
4099,161,07/01/2023
4017,35,26/12/2022
4006,122,28/09/2023
3987,,25/11/2022
4092,13,03/11/2022
3981,114,01/04/2023
4115,49,20/09/2023
4049,,27/01/2023
4095,77,20/03/2023
4086,187,01/04/2023
4013,30,07/10/2022
4075,182,13/03/2023
4117,107,19/11/2022
4010,170,17/02/2023
4027,134,17/01/2023
3970,19,12/12/2022
4006,70,22/11/2022
3985,83,26/07/2023
3995,33,25/08/2023
4078,35,24/11/2022
4084,190,04/03/2023
4002,123,31/01/2023
3997,,08/09/2023
3968,17,27/10/2022
3970,,23/06/2023
4122,85,16/05/2023
4050,120,07/06/2023
4029,,31/07/2023
4010,154,26/05/2023
4068,56,24/08/2023
4021,,12/12/2022
4042,,12/02/2023
4114,168,28/05/2023
4073,137,07/08/2023
3968,46,05/12/2022
3983,173,11/04/2023
3970,75,21/09/2023
4094,129,07/02/2023
4002,183,08/12/2022
3997,28,19/12/2022
3964,98,18/11/2022
4081,86,15/06/2023
4088,118,08/07/2023
3986,126,30/01/2023
3975,60,29/09/2023
4017,133,09/02/2023
4070,,19/08/2023
4108,101,12/09/2023
4105,189,15/03/2023
4040,178,25/09/2023
4064,12,05/07/2023
4007,185,27/11/2022
4040,22,31/07/2023
4015,200,02/01/2023
3985,83,05/10/2022
4040,68,05/03/2023
4015,100,06/07/2023
3982,58,06/06/2023
4017,183,11/06/2023
4062,178,23/10/2022
4008,45,10/05/2023
4053,170,11/06/2023
4013,89,22/08/2023
3975,18,15/04/2023
4077,197,23/07/2023
4106,,11/01/2023
4081,93,16/01/2023
3970,54,30/01/2023
4068,148,28/12/2022
3994,103,30/07/2023
4012,79,30/07/2023
4113,75,14/07/2023
4073,133,10/05/2023
4002,85,01/04/2023
4056,96,19/11/2022
4052,129,03/04/2023
3991,46,14/08/2023
4074,67,31/10/2022
4006,195,25/12/2022
4118,111,25/03/2023
4048,152,29/05/2023
4026,111,06/07/2023
4008,,07/09/2023
4042,126,27/02/2023
3989,182,11/05/2023
3965,107,19/02/2023
4102,105,31/10/2022
3972,,25/06/2023
4028,16,21/03/2023
3991,153,23/08/2023
3985,166,16/06/2023
4076,26,03/04/2023
4074,128,28/06/2023
4064,87,30/06/2023
4000,39,08/01/2023
4044,,06/07/2023
4013,87,28/12/2022
4032,39,15/03/2023
4111,,25/09/2023
3997,44,13/05/2023
4120,104,30/09/2023
4113,200,03/06/2023
4000,148,10/12/2022
4104,200,27/04/2023
4098,116,29/12/2022
4015,135,11/10/2022
3979,81,19/06/2023
4062,,15/02/2023
4090,123,23/04/2023
4082,70,05/06/2023
4012,35,05/12/2022
4108,104,04/09/2023
4078,175,28/07/2023
4075,111,27/12/2022
4028,41,05/04/2023
3960,126,07/03/2023
4066,,20/01/2023
4020,173,24/08/2023
4020,15,14/03/2023
4040,,11/04/2023
4068,42,12/11/2022
4105,62,28/07/2023
4013,,20/04/2023
4108,63,27/12/2022
3995,69,13/07/2023
4103,47,22/12/2022
3958,162,29/12/2022
4063,,03/01/2023
3968,47,30/03/2023
3967,148,06/10/2022
4077,54,25/11/2022
4086,,02/07/2023
3965,43,03/01/2023
4065,,31/03/2023
4092,70,06/09/2023
4057,14,23/08/2023
4079,,27/04/2023
3982,,27/12/2022
4072,144,04/03/2023
4083,,18/05/2023
4018,,29/12/2022
3978,102,11/07/2023
4099,37,30/04/2023
3960,66,06/01/2023
4061,21,30/07/2023
4012,178,07/02/2023
3990,127,02/01/2023
4048,17,28/08/2023
4032,,08/10/2022
4018,112,17/11/2022
4122,37,27/12/2022
3980,123,24/12/2022
3961,,04/02/2023
4079,,19/02/2023
4035,26,15/11/2022
3998,,26/02/2023
4074,159,20/07/2023
4103,93,22/07/2023
4106,162,30/12/2022
3963,126,02/08/2023
4073,120,07/10/2022
4075,,08/10/2022
3992,177,08/08/2023
4060,151,26/09/2023
4004,65,02/09/2023
4051,68,03/05/2023
4117,126,21/04/2023
4075,196,28/12/2022
4119,,22/09/2023
3957,180,17/05/2023
4117,49,22/10/2022
3975,131,09/12/2022
4055,,29/04/2023
4042,33,24/04/2023
4092,200,02/10/2022
3965,43,13/02/2023
4032,160,26/03/2023
4066,153,28/10/2022
4026,41,26/07/2023
4113,180,04/04/2023
4095,118,10/05/2023
4104,194,09/01/2023
4010,,04/01/2023
3977,89,05/11/2022
4115,157,03/06/2023
4042,49,24/02/2023
3971,67,29/08/2023
4088,99,22/10/2022
4050,104,11/10/2022
3970,,28/01/2023
3985,67,12/08/2023
4055,153,09/11/2022
4050,169,27/10/2022
4076,174,14/11/2022
4115,165,23/07/2023
3967,187,22/01/2023
4050,56,04/02/2023
4050,89,09/04/2023
4001,99,12/01/2023
4122,,04/07/2023
4100,154,15/08/2023
3974,27,31/12/2022
4100,,09/12/2022
4009,17,23/12/2022
3992,,03/03/2023
4042,106,27/05/2023
4018,97,18/11/2022
4095,,15/11/2022
3986,93,01/08/2023
4079,155,23/01/2023
4105,23,15/04/2023
4010,,04/10/2022
4014,22,22/09/2023
4039,79,25/10/2022
4047,118,04/05/2023
4025,123,12/10/2022
4085,65,29/06/2023
4065,39,14/12/2022
4027,38,26/05/2023
3970,183,07/06/2023
3973,144,04/09/2023
4052,21,21/10/2022
4045,163,15/03/2023
4072,,24/04/2023
4081,64,22/02/2023
4085,75,24/04/2023
4091,40,27/11/2022
3988,,17/09/2023
4077,54,04/05/2023
4093,,30/10/2022
4093,68,01/06/2023
4031,181,13/05/2023
4072,28,07/12/2022
4115,199,20/04/2023
4051,,23/02/2023
3973,,21/01/2023
4005,90,29/09/2023
4074,156,28/06/2023
3979,173,01/04/2023
3977,39,07/10/2022
4057,93,09/10/2022
4002,,22/07/2023
4030,127,17/03/2023
3976,102,26/01/2023
3984,,27/05/2023
3999,72,29/12/2022
4027,112,12/01/2023
3985,111,17/02/2023
3994,200,06/05/2023
4084,95,17/11/2022
3995,29,17/05/2023
4009,39,07/05/2023
4090,59,04/09/2023
4117,99,16/12/2022
3962,175,24/01/2023
4032,70,11/09/2023
4063,,27/11/2022
4095,54,15/01/2023
3990,177,11/01/2023
4078,,30/04/2023
4045,170,29/11/2022
4064,154,08/10/2022
4070,124,27/08/2023
4122,154,14/08/2023
3962,169,11/02/2023
4031,170,23/02/2023
4005,122,01/10/2023
3973,,18/11/2022
3962,87,12/05/2023
4016,161,04/03/2023
4090,,11/12/2022
4122,89,12/01/2023
4042,19,21/11/2022
4062,,19/04/2023
4105,29,29/03/2023
4044,33,20/02/2023
4122,139,26/02/2023
4040,158,30/11/2022
4081,199,10/01/2023
4108,125,25/05/2023
4092,156,01/01/2023
4097,92,27/05/2023
4070,138,30/05/2023
4074,,04/09/2023
4034,,18/04/2023
4102,,26/06/2023
3990,97,05/04/2023
4035,31,03/06/2023
4000,54,05/05/2023
4023,,18/10/2022
4015,122,06/05/2023
4080,166,21/09/2023
4052,,16/01/2023
4030,82,07/02/2023
3969,96,07/08/2023
3994,23,28/02/2023
4047,175,02/01/2023
4029,94,17/08/2023
4073,,25/10/2022
3999,82,21/02/2023
4115,178,09/05/2023
3998,164,06/11/2022
4094,95,01/06/2023
4030,,18/03/2023
4003,99,25/03/2023
4001,177,22/11/2022
3996,110,20/06/2023
3998,,10/07/2023
4017,31,15/05/2023
3986,106,12/10/2022
3967,94,15/11/2022
4038,181,12/06/2023
4104,199,15/08/2023
3989,144,13/08/2023
4069,,18/07/2023
4023,140,06/01/2023
4051,102,29/12/2022
4004,64,04/03/2023
4009,134,24/09/2023
4100,,03/01/2023
3965,49,23/10/2022
4038,,27/12/2022
4045,35,25/02/2023
3994,148,15/07/2023
4052,144,22/01/2023
4071,,17/05/2023
4095,168,08/03/2023
3998,,15/02/2023
4093,51,15/02/2023
4034,,10/11/2022
3988,169,13/06/2023
3963,52,27/12/2022
4060,21,22/01/2023
4084,183,16/02/2023
3994,123,27/03/2023
4074,124,09/05/2023
4038,71,22/03/2023
3996,130,10/01/2023
3958,59,15/06/2023
4096,156,19/04/2023
4086,128,22/07/2023
4041,107,09/02/2023
4122,117,19/05/2023
4032,61,20/07/2023
4078,45,07/10/2022
4031,23,25/12/2022
4103,105,03/04/2023
3994,36,01/03/2023
4101,142,03/07/2023
4070,82,09/04/2023
4043,,25/01/2023
3985,,13/04/2023
4079,141,11/12/2022
3967,,04/05/2023
3992,66,15/07/2023
4098,99,19/07/2023
3986,116,23/10/2022
4035,,22/02/2023
3963,70,19/09/2023
4059,30,29/05/2023
4115,17,29/12/2022
4013,35,11/01/2023
4071,176,23/06/2023
4048,47,12/05/2023
3980,,28/09/2023
4040,130,15/02/2023
3971,45,03/11/2022
4112,130,01/09/2023
4121,11,08/10/2022
4006,14,03/10/2022
4106,48,02/08/2023
4091,196,24/03/2023
4013,118,26/01/2023
4028,,15/06/2023
4007,87,23/03/2023
3962,,18/08/2023
3978,173,11/03/2023
4094,127,05/06/2023
4071,,16/02/2023
3979,137,30/12/2022
4088,14,17/11/2022
4057,157,20/04/2023
4006,46,21/02/2023
4082,10,30/01/2023
4038,71,15/03/2023
4111,57,31/07/2023
4111,31,06/08/2023
4087,102,10/10/2022
3971,,18/10/2022
4049,139,26/07/2023
4058,139,22/01/2023
3994,109,03/06/2023
4066,21,02/07/2023
4051,105,10/11/2022
4055,14,13/02/2023
4052,27,11/09/2023
3960,197,08/05/2023
4029,36,27/10/2022
4045,198,07/03/2023
4046,44,09/06/2023
4035,,29/08/2023
4071,174,23/08/2023
4100,,30/04/2023
3979,128,19/11/2022
4012,132,01/03/2023
4070,44,23/01/2023
4063,,23/05/2023
4070,127,17/06/2023
4030,,26/06/2023
3998,61,13/02/2023
4065,90,20/02/2023
4063,141,18/01/2023
3992,149,24/05/2023
4107,19,28/10/2022
4110,58,22/04/2023
3979,22,12/04/2023
3993,94,13/11/2022
4010,104,06/07/2023
4034,112,21/05/2023
4078,108,31/08/2023
4091,57,30/03/2023
4042,137,02/05/2023
3973,142,10/02/2023
4108,31,02/05/2023
4053,30,29/05/2023
3979,56,08/12/2022
3958,92,14/09/2023
4061,,18/04/2023
4120,85,29/01/2023
4026,164,26/04/2023
4063,52,12/07/2023
4001,99,05/11/2022
4099,196,08/04/2023
4075,100,04/09/2023
4102,121,03/03/2023
3992,24,22/09/2023
4008,,15/11/2022
4004,103,24/06/2023
4054,183,10/04/2023
4031,,23/06/2023
4098,,09/08/2023
4082,183,21/07/2023
3967,18,19/10/2022
4034,,01/11/2022
4106,175,17/12/2022
4034,108,21/05/2023
4083,18,02/06/2023
4100,183,23/09/2023
4075,104,26/12/2022
4014,29,24/07/2023
3963,145,27/11/2022
3957,90,07/10/2022
3996,73,23/06/2023
4024,16,08/03/2023
4033,137,22/03/2023
4120,153,22/10/2022
4119,,24/09/2023
4077,190,22/05/2023
3988,166,30/08/2023
4030,135,16/07/2023
4063,44,17/04/2023
4002,125,12/10/2022
4082,,27/02/2023
4122,32,30/01/2023
4019,91,06/04/2023
3964,191,30/04/2023
3987,,09/05/2023
4027,86,19/10/2022
4083,192,23/03/2023
3974,189,20/10/2022
4110,102,26/01/2023
4049,41,28/09/2023
4105,45,05/02/2023
4080,136,17/05/2023
4101,,15/02/2023
4068,104,07/05/2023
4023,151,01/08/2023
4117,,19/06/2023
4078,26,04/02/2023
3987,193,18/01/2023
4052,144,15/10/2022
4088,114,22/04/2023
4104,28,06/06/2023
3961,,28/08/2023
4023,28,15/05/2023
3998,184,07/09/2023
4105,42,18/01/2023
3971,151,13/10/2022
3994,56,27/04/2023
4038,43,31/05/2023
4075,24,25/09/2023
3991,142,02/12/2022
4048,,09/07/2023
3998,,10/12/2022
3970,191,03/01/2023
4026,142,03/01/2023
4049,30,05/05/2023
4064,172,30/04/2023
4119,80,02/06/2023
4048,,23/07/2023
3969,146,26/08/2023
4031,,22/02/2023
4031,161,12/11/2022
4092,49,12/08/2023
4120,,10/10/2022
3976,164,21/06/2023
4088,154,21/05/2023
4006,,19/06/2023
4117,30,29/08/2023
4003,,18/06/2023
3981,157,10/05/2023
4110,63,19/03/2023
3999,116,21/01/2023
4096,17,16/06/2023
4039,170,19/03/2023
4037,174,13/09/2023
4034,133,04/08/2023
4026,185,25/10/2022
4049,126,18/04/2023
3981,,31/05/2023
4093,,15/01/2023
4105,133,22/07/2023
4047,97,02/05/2023
3993,90,14/01/2023
3960,91,06/03/2023
3992,98,15/09/2023
4089,43,27/12/2022
4029,141,23/09/2023
4052,91,22/06/2023
4081,41,22/09/2023
4062,73,14/08/2023
4044,,16/06/2023
3998,,05/06/2023
3983,167,24/04/2023
4012,50,14/10/2022
3996,157,12/03/2023
4085,58,24/08/2023
4013,137,16/03/2023
4005,129,13/10/2022
4100,88,10/09/2023
4114,33,24/08/2023
4091,139,05/03/2023
4093,71,21/07/2023
4098,100,11/12/2022
3986,,12/12/2022
4063,162,01/12/2022
4074,177,22/09/2023
3976,83,23/05/2023
3986,37,01/11/2022
3990,77,13/02/2023
3961,113,29/08/2023
4079,112,16/07/2023
4046,,06/05/2023
4036,102,25/09/2023
4049,28,10/11/2022
3992,125,08/07/2023
4070,81,25/04/2023
4109,169,16/09/2023
4090,40,16/05/2023
4044,,17/10/2022
4001,,28/04/2023
4034,96,20/04/2023
3964,103,15/01/2023
3987,60,05/01/2023
4013,112,02/11/2022
3989,21,06/11/2022
3993,,25/04/2023
4015,131,24/12/2022
4035,48,24/07/2023
3989,141,13/09/2023
4010,,09/10/2022
3990,91,01/06/2023
3977,,08/01/2023
4065,199,26/07/2023
3985,161,26/07/2023
3976,140,31/12/2022
3961,191,19/06/2023
4080,131,13/08/2023
4067,104,12/11/2022
3967,38,11/09/2023
4007,159,19/07/2023
3984,195,03/07/2023
3965,171,22/12/2022
4088,,10/06/2023
4108,177,02/12/2022
3972,158,16/07/2023
4077,194,19/12/2022
3987,,04/05/2023
4021,144,26/09/2023
3968,168,16/03/2023
3973,107,14/01/2023
4034,,29/01/2023
3959,18,27/05/2023
3981,189,17/11/2022
3988,,24/05/2023
4111,,05/10/2022
4009,48,02/07/2023
4107,62,06/05/2023
4008,166,08/03/2023
4004,198,10/08/2023
4046,190,13/02/2023
3964,,28/12/2022
3980,93,27/04/2023
3994,132,29/07/2023
4028,90,28/02/2023
4105,127,21/12/2022
4046,97,17/10/2022
4047,183,15/01/2023
3998,194,23/09/2023
4085,187,31/07/2023
4113,133,03/07/2023
4018,,18/09/2023
4086,152,07/09/2023
4102,86,30/01/2023
3974,190,15/11/2022
3982,190,12/09/2023
4105,132,31/01/2023
3960,194,18/03/2023
4092,41,05/03/2023
4012,149,18/09/2023
4006,111,25/08/2023
4029,47,05/08/2023
4000,83,21/09/2023
4094,30,11/10/2022
3958,123,28/11/2022
3982,132,23/02/2023
4011,147,03/04/2023
4086,153,18/07/2023
4078,45,10/08/2023
4050,,04/05/2023
4107,71,20/05/2023
4004,181,15/10/2022
4069,67,14/04/2023
3984,23,04/08/2023
4003,,01/01/2023
4047,130,03/11/2022
4054,,13/08/2023
4065,11,25/03/2023
4011,50,04/07/2023
4088,131,14/05/2023
4015,61,07/01/2023
4061,83,03/10/2022
3985,175,08/04/2023
4037,,11/02/2023
3988,176,08/08/2023
4076,146,30/06/2023
3985,19,24/12/2022
4090,54,18/02/2023
3991,55,28/01/2023
4083,19,16/07/2023
4049,111,21/06/2023
4030,57,21/02/2023
4099,84,04/09/2023
3967,12,04/02/2023
3978,164,29/10/2022
4040,,24/09/2023
4083,82,16/12/2022
3986,174,22/09/2023
4055,136,14/09/2023
4029,44,09/11/2022
4073,129,28/05/2023
4110,38,04/07/2023
4036,197,28/11/2022
4070,75,02/05/2023
4014,13,31/05/2023
4098,85,16/06/2023
4061,59,04/10/2022
4031,,17/04/2023
4066,113,22/08/2023
4005,141,12/04/2023
3974,112,26/08/2023
4078,57,17/02/2023
4051,132,06/09/2023
4002,73,23/01/2023
3960,,14/09/2023
4082,124,29/11/2022
3983,94,26/03/2023
4058,195,28/08/2023
4069,76,29/06/2023
4090,187,25/07/2023
3978,180,28/10/2022
3987,,23/11/2022
3993,113,14/04/2023
4058,190,31/08/2023
4059,186,08/02/2023
4108,,26/07/2023
3983,85,03/09/2023
4000,66,13/12/2022
3973,44,01/09/2023
4050,126,20/06/2023
4007,165,18/11/2022
4043,189,19/03/2023
4008,130,02/10/2022
4109,180,12/01/2023
4060,73,19/05/2023
3988,162,25/10/2022
4016,30,29/11/2022
4065,145,02/06/2023
4084,29,29/10/2022
4028,38,04/08/2023
4105,,20/12/2022
4108,139,01/05/2023
4026,147,20/08/2023
4121,,03/03/2023
4059,143,23/10/2022
4048,184,18/05/2023
4078,159,26/10/2022
4111,140,14/01/2023
4060,24,17/10/2022
4081,141,21/06/2023
4087,154,20/08/2023
4028,,05/07/2023
3994,88,18/10/2022
4073,111,24/06/2023
3984,10,25/08/2023
3988,158,04/11/2022
4021,,22/05/2023
4082,189,22/12/2022
4084,,25/04/2023
4016,27,17/12/2022
4117,130,29/06/2023
3991,,25/12/2022
3964,44,05/08/2023
3982,196,02/05/2023
3970,117,10/07/2023
3974,107,30/12/2022
4084,106,31/08/2023
3963,184,02/03/2023
4002,148,04/03/2023
4054,,28/06/2023
4111,40,18/03/2023
4040,,17/10/2022
3996,145,05/09/2023
4034,,11/10/2022
4116,10,24/05/2023
4116,86,16/12/2022
3981,194,23/06/2023
3976,146,18/06/2023
4090,68,04/09/2023
4083,98,25/07/2023
4076,,24/03/2023
4008,,18/07/2023
4032,38,04/01/2023
4084,,26/08/2023
4082,167,29/08/2023
4086,14,29/05/2023
4023,27,21/08/2023
4095,,20/02/2023
4044,,16/11/2022
4095,190,09/11/2022
4096,72,04/05/2023
3961,112,05/07/2023
3965,148,03/10/2022
4067,24,06/05/2023
3987,,01/08/2023
4055,69,17/09/2023
4072,197,28/11/2022
4037,157,05/08/2023
4053,182,17/04/2023
4070,70,27/11/2022
4074,46,28/12/2022
3966,143,31/05/2023
3965,86,27/04/2023
4002,152,20/04/2023
4099,198,08/12/2022
4034,170,09/10/2022
3999,152,14/07/2023
4082,98,18/10/2022
4067,181,30/06/2023
3991,144,09/12/2022
4036,116,10/10/2022
4056,86,01/02/2023
4081,147,17/08/2023
3985,67,02/12/2022
4102,191,23/05/2023
4082,,31/10/2022
4098,24,23/08/2023
4095,116,30/12/2022
4103,44,05/05/2023
4077,75,09/01/2023
4078,175,11/09/2023
4100,,14/02/2023
3997,104,22/02/2023
4086,,16/02/2023
3971,58,21/01/2023
4057,,17/03/2023
4024,164,02/08/2023
4083,28,15/04/2023
4108,,20/08/2023
4053,195,31/08/2023
4114,65,04/01/2023
4047,95,26/08/2023
4029,13,08/02/2023
4039,58,22/03/2023
3972,40,26/06/2023
3964,132,15/09/2023
4108,188,07/06/2023
3968,62,05/10/2022
3989,71,12/11/2022
4050,82,01/01/2023
4046,146,07/10/2022
4106,88,02/03/2023
3963,141,05/09/2023
4117,129,03/09/2023
4044,,14/12/2022
4054,130,03/03/2023
3981,91,24/12/2022
4066,104,03/09/2023
4045,21,11/04/2023
4048,66,20/01/2023
4062,14,28/04/2023
4046,159,03/08/2023
3971,116,11/10/2022
4019,60,28/07/2023
4020,107,17/11/2022
4017,72,20/12/2022
4122,177,24/01/2023
4036,96,24/05/2023
4108,135,06/04/2023
3978,174,06/02/2023
3973,127,06/10/2022
4035,,03/01/2023
3986,53,11/07/2023
4043,,15/02/2023
4000,57,20/07/2023
3962,148,21/05/2023
4094,25,27/04/2023
4040,29,27/09/2023
3966,181,01/11/2022
4074,,06/02/2023
4065,,10/08/2023
4102,,12/04/2023
4088,27,30/08/2023
4064,12,19/05/2023
4025,126,02/10/2022
3962,168,08/12/2022
4077,167,01/03/2023
4107,178,03/02/2023
3962,11,12/04/2023
4038,115,13/03/2023
4053,,09/12/2022
4103,80,20/09/2023
4056,83,08/03/2023
4039,,23/10/2022
4103,182,31/03/2023
3982,55,01/04/2023
4082,,23/01/2023
3982,,24/09/2023
4009,,07/05/2023
4043,,09/02/2023
4084,100,15/06/2023
4085,111,11/11/2022
4043,,25/09/2023
3999,127,01/07/2023
4114,188,15/05/2023
4033,185,08/04/2023
4050,30,21/02/2023
4068,176,14/09/2023
4008,33,10/10/2022
4084,106,03/02/2023
4119,24,24/04/2023
3976,189,26/09/2023
4094,,18/02/2023
4011,121,20/06/2023
4030,94,08/07/2023
4024,34,16/12/2022
3969,20,01/12/2022
4033,187,31/03/2023
4103,131,20/07/2023
4059,29,21/05/2023
4014,81,14/06/2023
4116,154,06/02/2023
3980,55,24/06/2023
4105,90,09/04/2023
3981,,20/02/2023
4108,46,01/10/2023
4043,192,24/04/2023
4026,29,30/04/2023
3974,154,18/12/2022
4102,109,11/01/2023
4092,148,06/12/2022
4078,199,28/01/2023
4066,,09/05/2023
4010,195,21/10/2022
4045,,15/04/2023
3976,98,26/04/2023
4034,,27/05/2023
4086,29,07/08/2023
4033,167,17/08/2023
4067,111,29/06/2023
4095,93,28/04/2023
4037,,24/02/2023
4008,125,28/07/2023
4063,101,08/11/2022
4059,106,07/12/2022
4021,184,10/04/2023
4116,107,26/07/2023
4088,,09/03/2023
4073,73,19/07/2023
4097,31,07/06/2023
4003,107,08/09/2023
3961,172,30/12/2022
4117,,10/12/2022
4089,102,27/10/2022
4004,,10/02/2023
4104,,05/01/2023
4084,102,07/08/2023
4011,36,27/06/2023
4076,,18/04/2023
4025,,04/01/2023
4120,152,25/12/2022
4093,36,30/04/2023
4114,,17/07/2023
4068,33,15/08/2023
4101,93,06/12/2022
4117,13,07/10/2022
3972,109,16/04/2023
4090,195,03/05/2023
4008,72,23/04/2023
4050,53,08/11/2022
4075,53,22/05/2023
3994,,20/07/2023
4018,136,27/07/2023
3995,,28/04/2023
4033,,31/12/2022
4068,86,06/01/2023
4062,29,27/03/2023
4038,73,13/04/2023
3973,136,10/08/2023
4119,60,31/07/2023
4009,44,05/08/2023
4062,111,03/09/2023
4025,168,20/12/2022
4030,94,30/07/2023
4122,120,06/08/2023
3998,176,09/07/2023
4022,44,05/02/2023
4110,164,20/01/2023
4017,61,15/03/2023
4060,55,12/07/2023
4018,91,03/06/2023
3986,187,24/04/2023
3995,157,13/07/2023
4006,93,22/06/2023
3964,110,27/05/2023
4019,154,30/09/2023
4036,,12/06/2023
4075,56,20/05/2023
4081,150,10/08/2023
4100,,05/01/2023
4068,191,10/04/2023
4065,84,12/05/2023
4122,27,08/10/2022
3966,114,05/03/2023
4008,45,03/12/2022
3997,71,05/02/2023
4026,49,09/02/2023
3991,106,27/06/2023
3964,,29/12/2022
4023,132,27/10/2022
4028,146,26/06/2023
4097,187,07/02/2023
4002,19,09/08/2023
4121,102,05/02/2023
3967,147,19/11/2022
4081,31,18/03/2023
3962,,12/01/2023
3971,180,06/08/2023
3978,175,29/06/2023
4037,154,07/01/2023
4111,183,04/08/2023
4033,94,14/11/2022
3973,120,20/12/2022
4061,,05/12/2022
4050,,26/04/2023
3980,142,07/10/2022
4058,186,17/10/2022
3992,124,04/10/2022
4017,128,05/11/2022
3985,160,27/02/2023
4103,48,03/03/2023
4085,16,27/10/2022
3987,85,01/09/2023
4090,31,04/09/2023
4105,,24/09/2023
4091,46,28/05/2023
4021,97,24/04/2023
4084,62,16/12/2022
3980,99,13/08/2023
4017,122,05/11/2022
4110,125,07/03/2023
3988,86,31/08/2023
4037,,05/09/2023
4041,15,26/01/2023
4106,175,19/10/2022
4056,,24/02/2023
4017,199,17/07/2023
4065,54,07/11/2022
4012,94,21/01/2023
3993,128,04/03/2023
3984,113,01/12/2022
4001,57,10/10/2022
4011,120,14/01/2023
4027,198,23/06/2023
4069,60,23/07/2023
4061,119,12/06/2023
4022,190,15/03/2023
4107,81,18/12/2022
3971,26,23/08/2023
4082,147,07/07/2023
4093,,30/05/2023
4052,127,08/12/2022
3985,,18/10/2022
4038,135,31/07/2023
4096,173,11/08/2023
4065,109,05/07/2023
4078,160,12/05/2023
4020,,27/08/2023
4028,127,18/03/2023
3994,182,10/09/2023
4049,86,16/04/2023
4078,161,03/03/2023
4051,,22/12/2022
4035,,08/09/2023
3962,,24/09/2023
4122,56,10/12/2022
4112,46,02/03/2023
3965,117,07/10/2022
3970,157,19/03/2023
4018,57,15/08/2023
4021,147,30/09/2023
4098,175,30/08/2023
4055,54,18/12/2022
4036,135,30/10/2022
4120,57,24/06/2023
4049,125,03/01/2023
3988,101,29/01/2023
4093,134,23/03/2023
4017,,28/01/2023
4070,153,17/10/2022
4056,136,20/07/2023
3959,135,07/06/2023
4057,123,08/05/2023
4022,31,09/05/2023
4034,66,09/08/2023
3980,80,23/11/2022
4017,83,16/08/2023
4033,,12/02/2023
4010,200,15/07/2023
3998,136,15/08/2023
4069,38,25/04/2023
4118,78,05/12/2022
4038,103,20/07/2023
4121,20,08/07/2023
4061,122,19/10/2022
3965,118,30/08/2023
4027,,09/04/2023
3977,73,25/04/2023
4082,18,02/07/2023
4077,99,08/12/2022
4062,32,04/10/2022
4042,40,14/11/2022
4065,70,01/06/2023
3982,198,04/09/2023
3998,99,06/04/2023
4023,166,04/02/2023
4086,52,19/08/2023
3973,62,03/10/2022
4047,25,19/05/2023
4064,146,13/08/2023
4111,147,29/04/2023
4097,,29/04/2023
4040,84,22/11/2022
4073,78,28/06/2023
3964,141,10/05/2023
3970,183,21/07/2023
4121,44,21/03/2023
4121,115,04/06/2023
4004,80,19/12/2022
4118,42,31/08/2023
4070,43,26/08/2023
4121,192,27/02/2023
3991,73,05/10/2022
3957,183,09/03/2023
4059,46,05/02/2023
4008,78,08/03/2023
4117,106,10/06/2023
4035,172,10/02/2023
4037,33,02/12/2022
4104,81,30/09/2023
3978,104,24/12/2022
3985,134,13/03/2023
3997,10,25/01/2023
4020,197,08/11/2022
4089,,03/09/2023
3990,172,09/01/2023
4109,101,05/06/2023
4062,146,05/09/2023
4038,119,14/08/2023
4072,136,12/03/2023
4079,82,27/04/2023
3991,157,20/11/2022
4023,,08/10/2022
4001,97,28/10/2022
4108,22,13/06/2023
4040,,09/06/2023
4029,127,12/06/2023
4007,,10/01/2023
3978,50,26/08/2023
4063,10,27/12/2022
4051,119,08/11/2022
4003,186,13/06/2023
4057,176,30/03/2023
4053,80,02/11/2022
4103,,25/01/2023
4014,31,04/05/2023
3962,176,15/11/2022
3962,,23/07/2023
4099,88,06/09/2023
4122,69,01/01/2023
4113,33,25/10/2022
4117,10,16/12/2022
4015,29,22/09/2023
3979,,21/03/2023
4075,184,16/08/2023
4007,12,27/07/2023
4024,40,03/08/2023
4000,118,07/11/2022
3969,132,31/07/2023
4059,,11/01/2023
4115,197,23/06/2023
4066,36,06/06/2023
4110,86,09/01/2023
4023,,17/01/2023
3995,44,25/05/2023
3979,183,22/10/2022
4051,,07/01/2023
4000,12,03/03/2023
4102,52,04/01/2023
3987,194,01/03/2023
3960,48,09/03/2023
4091,167,19/02/2023
4068,65,19/05/2023
4073,,25/02/2023
4083,,10/07/2023
3987,160,09/08/2023
4014,99,02/10/2022
4009,90,17/02/2023
4005,73,11/06/2023
4025,31,10/05/2023
4030,163,15/10/2022
4083,165,17/05/2023
4054,186,02/07/2023
3990,,02/05/2023
4067,87,06/12/2022
4009,165,25/01/2023
4110,110,12/03/2023
4012,23,04/11/2022
4029,71,04/10/2022
4005,38,21/09/2023
4064,173,30/05/2023
4003,145,01/05/2023
4061,13,15/03/2023
3994,91,10/11/2022
3964,,09/08/2023
4031,155,07/11/2022
4024,149,31/05/2023
4017,130,20/08/2023
4115,28,19/10/2022
4072,,19/09/2023
4020,,14/07/2023
4051,20,02/04/2023
4106,111,16/11/2022
4122,170,06/06/2023
4074,116,22/09/2023
3978,112,01/02/2023
3959,,03/09/2023
4077,167,26/12/2022
3991,,04/07/2023
4039,,01/08/2023
4058,,28/03/2023
4011,49,11/11/2022
4055,110,16/02/2023
4065,176,31/03/2023
4109,26,16/04/2023
4022,121,08/01/2023
3975,71,09/02/2023
3981,,20/10/2022
4099,,07/08/2023
3972,126,08/11/2022
3970,24,14/07/2023
4042,199,01/04/2023
4017,54,19/06/2023
4077,,02/10/2022
4047,189,27/03/2023
4112,,28/03/2023
4110,98,07/07/2023
3968,194,11/11/2022
3958,105,19/11/2022
4021,,15/03/2023
4086,78,21/05/2023
4115,40,12/02/2023
4054,17,17/02/2023
4034,119,15/08/2023
4058,26,20/04/2023
4051,157,09/09/2023
3990,137,07/04/2023
4100,102,06/02/2023
3967,,06/08/2023
4105,52,08/09/2023
4002,75,30/11/2022
4023,156,23/04/2023
4000,39,26/10/2022
4085,140,29/08/2023
4083,,10/06/2023
4043,13,01/06/2023
4076,130,03/10/2022
3990,48,27/10/2022
3979,,24/02/2023
4038,19,07/10/2022
4092,192,29/07/2023
4067,117,04/02/2023
3993,73,08/10/2022
4023,194,10/03/2023
3986,29,14/03/2023
4037,40,10/03/2023
3968,23,01/12/2022
3989,,05/07/2023
4084,21,20/02/2023
4028,27,11/10/2022
4049,82,06/02/2023
4067,89,07/08/2023
4029,151,01/10/2023
4024,104,08/07/2023
4113,154,17/12/2022
4024,199,01/01/2023
4089,128,12/11/2022
4037,136,05/07/2023
4068,60,14/10/2022
3999,149,15/09/2023
4037,72,17/01/2023
4082,,30/07/2023
3995,16,15/04/2023
4099,98,21/04/2023
4119,187,23/12/2022
4069,95,22/10/2022
3970,,01/02/2023
4005,198,22/06/2023
3995,36,10/04/2023
3970,70,07/07/2023
4015,25,12/07/2023
4003,46,24/04/2023
3966,33,17/09/2023
4077,,21/02/2023
4023,143,19/08/2023
3998,105,22/09/2023
4076,31,12/10/2022
4068,139,04/09/2023
3986,,17/05/2023
4083,29,02/07/2023
3967,25,05/07/2023
4070,43,08/10/2022
4048,76,18/12/2022
4100,110,20/04/2023
4081,198,15/03/2023
4074,125,21/12/2022
4083,29,09/08/2023
3985,44,24/09/2023
3994,159,24/03/2023
3988,,17/11/2022
4046,,15/04/2023
3980,90,23/02/2023
4009,147,21/09/2023
4029,63,13/05/2023
4003,128,30/09/2023
4000,40,05/08/2023
4087,,15/01/2023
4026,87,14/01/2023
4101,188,31/01/2023
4106,65,26/03/2023
4011,93,03/05/2023
4106,,08/12/2022
3958,101,12/01/2023
4091,22,30/10/2022
4103,76,07/01/2023
4003,54,07/08/2023
4063,,29/05/2023
3976,125,04/03/2023
4020,150,13/02/2023
4084,128,12/10/2022
3981,,16/06/2023
4041,41,18/06/2023
3963,,29/10/2022
4029,66,11/05/2023
3988,,08/06/2023
4057,105,23/10/2022
4052,175,17/06/2023
4108,,07/08/2023
3984,29,14/07/2023
4039,,06/06/2023
3996,,23/10/2022
3964,123,03/08/2023
3977,33,27/12/2022
4074,94,23/10/2022
4079,,14/09/2023
4073,22,01/12/2022
4117,,04/08/2023
4025,195,25/09/2023
4109,17,12/08/2023
3958,119,18/11/2022
4041,,05/07/2023
3968,57,21/09/2023
4116,124,20/08/2023
4072,18,23/02/2023
4040,167,23/01/2023
4102,85,11/11/2022
3990,150,18/11/2022
4011,32,12/01/2023
3969,45,15/09/2023
4121,174,15/12/2022
4029,144,19/04/2023
4039,149,13/04/2023
3971,107,22/11/2022
3975,101,20/11/2022
4097,134,22/03/2023
4111,154,04/07/2023
4054,109,20/02/2023
3980,16,12/07/2023
4059,66,24/03/2023
4022,,16/07/2023
4002,81,26/10/2022
4018,,26/03/2023
4059,145,24/12/2022
3979,159,24/04/2023
3962,50,02/02/2023
4010,,05/01/2023
3998,78,03/09/2023
4056,198,02/12/2022
4060,,28/11/2022
4029,66,02/08/2023
4122,109,02/09/2023
3996,54,26/04/2023
3987,,18/10/2022
4033,198,02/03/2023
4082,161,22/05/2023
4067,,17/09/2023
4036,155,11/09/2023
4111,154,22/12/2022
3990,136,16/12/2022
4048,54,11/10/2022
3981,33,11/03/2023
4051,,25/01/2023
4088,15,05/08/2023
4008,10,30/05/2023
4082,167,14/09/2023
4071,43,05/10/2022
4056,55,02/06/2023
4078,92,03/06/2023
4025,,18/02/2023
4101,,06/04/2023
4110,46,01/10/2023
4065,144,21/02/2023
3980,28,02/03/2023
4065,179,04/06/2023
4051,35,24/09/2023
4114,92,31/10/2022
4004,,01/07/2023
4068,,14/09/2023
4118,173,14/09/2023
4066,176,11/12/2022
3980,191,25/08/2023
3967,187,10/01/2023
4088,167,11/11/2022
4044,67,17/05/2023
4075,54,03/11/2022
4014,197,27/02/2023
4122,42,19/04/2023
3996,,08/11/2022
4083,,14/08/2023
4091,156,22/07/2023
4118,155,24/03/2023
4122,,03/02/2023
4091,166,24/07/2023
3978,154,18/02/2023
4031,,05/05/2023
4076,94,07/06/2023
4068,70,18/04/2023
3977,91,28/04/2023
4079,,08/12/2022
4033,32,28/04/2023
3995,181,02/01/2023
3989,95,06/02/2023
4033,77,18/03/2023
4020,187,26/09/2023
4090,,24/07/2023
4066,37,12/04/2023
4032,22,03/10/2022
4102,197,06/04/2023
3969,52,28/01/2023
4098,136,08/10/2022
3976,99,11/12/2022
3968,35,16/04/2023
4088,157,08/11/2022
3984,185,02/07/2023
4087,125,05/03/2023
4065,,10/10/2022
4062,85,07/12/2022
3981,,11/04/2023
4075,36,07/06/2023
4102,,13/07/2023
4021,,19/05/2023
4047,197,05/10/2022
4022,,20/01/2023
4106,33,18/04/2023
3977,167,23/06/2023
4085,190,25/04/2023
3961,,26/10/2022
3986,52,20/03/2023
4075,121,28/10/2022
4002,,21/04/2023
4003,,31/01/2023
4057,58,23/10/2022
3968,151,22/04/2023
3978,196,22/04/2023
4063,179,01/02/2023
4033,70,12/05/2023
4037,,06/10/2022
4107,150,09/04/2023
4073,49,24/10/2022
4072,,07/12/2022
4116,,30/06/2023
4024,,26/08/2023
4044,170,15/11/2022
4004,61,29/08/2023
4011,,22/08/2023
4004,173,09/05/2023
3977,30,15/02/2023
4111,39,06/10/2022
4023,111,17/08/2023
3984,179,08/07/2023
4068,174,29/07/2023
4093,57,02/12/2022
3961,107,07/10/2022
3958,124,20/01/2023
4058,,29/07/2023
3986,77,24/10/2022
3960,78,01/08/2023
4000,48,01/12/2022
4079,180,25/12/2022
4074,,01/11/2022
4060,148,31/01/2023
4111,160,25/08/2023
4081,25,16/10/2022
4034,143,14/12/2022
4115,147,06/04/2023
4114,131,10/12/2022
4049,70,13/10/2022
4058,30,09/08/2023
4034,192,13/02/2023
3979,,24/03/2023
3989,142,21/12/2022
3991,183,19/09/2023
3960,47,12/01/2023
4005,,25/05/2023
3985,54,09/04/2023
3961,52,20/07/2023
4005,59,29/05/2023
3963,,23/09/2023
4010,184,03/08/2023
4080,170,07/04/2023
3994,,28/01/2023
4018,91,28/11/2022
4068,27,23/07/2023
4117,,30/08/2023
4094,151,05/01/2023
4005,80,20/04/2023
3979,13,23/10/2022
4034,169,27/10/2022
4075,117,17/08/2023
3994,,02/07/2023
4078,,10/05/2023
4065,159,24/10/2022
3962,35,09/12/2022
3986,154,27/05/2023
3999,83,29/03/2023
3996,98,11/06/2023
4070,77,02/03/2023
4081,134,05/09/2023
4077,131,15/03/2023
3962,,10/02/2023
4072,46,18/02/2023
4106,184,20/08/2023
4019,19,31/07/2023
4008,94,11/12/2022
4032,22,24/10/2022
4102,78,14/03/2023
4057,15,25/02/2023
3970,87,14/07/2023
4042,135,07/08/2023
3959,185,23/02/2023
3983,,22/09/2023
4118,44,25/02/2023
4067,200,19/03/2023
4063,92,25/01/2023
4083,116,22/06/2023
4105,32,17/11/2022
4109,,04/12/2022
4098,114,14/07/2023
4031,142,10/10/2022
3966,24,20/08/2023
4081,50,16/07/2023
4059,,02/12/2022
4081,113,09/07/2023
4088,,02/08/2023
4108,155,19/04/2023
4113,,29/03/2023
4081,,20/08/2023
4016,24,30/03/2023
3972,126,30/06/2023
4092,,18/01/2023
3961,60,24/02/2023
4065,128,23/02/2023
4104,172,20/03/2023
4037,184,23/04/2023
4098,,27/04/2023
3973,162,21/12/2022
4025,131,26/12/2022
4122,99,03/08/2023
4063,76,18/09/2023
4078,186,09/04/2023
3986,,17/12/2022
4083,,04/12/2022
4116,,11/06/2023
4122,64,13/08/2023
4045,175,12/06/2023
4071,62,28/10/2022
4068,114,12/03/2023
3962,184,25/09/2023
3998,,28/04/2023
4030,175,14/04/2023
4006,,08/10/2022
4077,67,30/01/2023
4045,88,29/04/2023
4069,191,23/11/2022
4016,118,05/05/2023
4086,99,12/12/2022
4013,65,09/03/2023
4107,183,06/07/2023
4043,169,06/05/2023
4111,36,17/10/2022
4076,,19/05/2023
3990,105,07/10/2022
4032,162,02/03/2023
4056,86,19/05/2023
4063,133,25/08/2023
4049,,19/12/2022
4077,173,05/05/2023
3998,80,27/04/2023
4116,192,10/10/2022
4010,176,08/12/2022
4029,48,10/01/2023
3979,71,31/03/2023
4080,163,03/11/2022
3990,91,07/04/2023
4001,194,17/06/2023
4008,,06/04/2023
3997,85,15/10/2022
4112,117,07/11/2022
4082,198,11/04/2023
3982,,11/01/2023
4063,156,15/09/2023
4083,97,04/10/2022
4034,66,05/11/2022
4017,173,15/05/2023
4010,181,27/01/2023
4099,86,14/09/2023
3969,178,23/08/2023
3961,56,17/11/2022
4048,130,06/05/2023
4023,,13/06/2023
4048,153,19/11/2022
3997,56,12/03/2023
4001,95,06/05/2023
4085,66,29/10/2022
3965,200,28/03/2023
3973,117,28/06/2023
4043,94,15/05/2023
4067,159,21/07/2023
3986,40,02/11/2022
4115,172,11/04/2023
4015,168,07/12/2022
3987,,01/01/2023
4100,138,09/02/2023
4014,,05/03/2023
4081,145,09/11/2022
4023,23,17/01/2023
4044,48,04/02/2023
4047,,31/07/2023
3968,114,18/03/2023
4099,127,08/03/2023
4025,,16/05/2023
3995,56,19/07/2023
4088,134,14/02/2023
4111,55,30/10/2022
3983,24,30/09/2023
3969,,12/04/2023
4069,53,14/02/2023
4074,50,07/04/2023
3985,32,19/01/2023
3984,,20/11/2022
4113,119,15/09/2023
4113,132,14/03/2023
3983,19,22/09/2023
4100,197,29/05/2023
3967,13,27/07/2023
4086,145,29/10/2022
3983,,14/03/2023
3999,170,25/05/2023
4118,67,04/12/2022
3987,98,22/07/2023
4009,36,11/11/2022
4049,160,27/08/2023
3997,26,27/06/2023
4031,86,24/08/2023
4070,126,23/07/2023
4086,162,01/07/2023
4084,121,23/04/2023
3982,44,12/05/2023
3996,135,04/03/2023
4122,58,27/04/2023
4050,,26/07/2023
4042,113,19/01/2023
3992,,09/05/2023
3988,43,20/03/2023
4008,15,18/04/2023
4069,53,04/12/2022
4063,,12/07/2023
3958,19,30/01/2023
4019,173,09/01/2023
4078,146,16/03/2023
4044,162,08/08/2023
4030,179,12/06/2023
4086,,14/02/2023
4000,22,19/08/2023
3978,116,10/09/2023
4025,41,15/07/2023
4052,131,25/05/2023
4063,62,22/04/2023
4049,171,09/07/2023
4118,,05/10/2022
4019,35,11/04/2023
3995,79,18/09/2023
4092,189,29/05/2023
4064,,27/10/2022
4015,36,05/01/2023
3992,168,03/02/2023
4066,,22/09/2023
4062,,03/06/2023
4061,,01/06/2023
4074,,16/11/2022
4089,,06/07/2023
4049,143,14/02/2023
3964,101,04/02/2023
4070,85,05/10/2022
3994,,26/08/2023
3959,63,22/11/2022
4089,133,17/07/2023
3974,10,05/01/2023
3978,,24/12/2022
4043,,15/10/2022
4037,,06/08/2023
4059,136,04/04/2023
3999,,11/05/2023
4068,,09/06/2023
3972,195,02/02/2023
4057,75,21/01/2023
3966,126,07/01/2023
4121,85,14/12/2022
3995,22,20/09/2023
4104,,28/09/2023
3971,,07/08/2023
4118,,24/09/2023
4090,183,04/06/2023
4032,199,18/01/2023
4064,,16/09/2023
4059,21,09/12/2022
4098,,17/01/2023
4034,,18/07/2023
4037,94,27/04/2023
4045,122,27/02/2023
3959,78,11/02/2023
4028,33,22/10/2022
4092,97,05/01/2023
4113,,16/07/2023
3994,126,09/12/2022
4060,108,15/03/2023
4071,132,01/02/2023
4121,176,24/12/2022
4009,52,22/04/2023
4096,,25/05/2023
4116,25,12/04/2023
4115,50,14/08/2023
4070,,01/08/2023
4045,133,01/09/2023
4060,183,05/01/2023
4007,166,11/02/2023
4034,101,25/12/2022
3978,185,14/05/2023
3966,196,01/06/2023
4094,43,31/01/2023
4042,134,16/08/2023
4056,,30/09/2023
3989,21,22/12/2022
4090,,24/01/2023
4095,13,02/07/2023
4029,183,24/03/2023
4011,200,31/08/2023
3980,154,13/12/2022
4087,181,25/10/2022
4098,142,10/12/2022
4036,189,01/02/2023
4090,120,18/09/2023
4044,73,03/01/2023
4119,179,13/10/2022
3997,108,23/07/2023
3962,,19/11/2022
3964,166,07/02/2023
4095,,19/09/2023
4108,50,02/10/2022
4023,130,04/11/2022
4018,52,06/05/2023
4034,,13/08/2023
4065,71,06/01/2023
4086,81,26/01/2023
3985,,30/12/2022
3972,174,23/06/2023
4052,70,21/02/2023
4023,,01/03/2023
4117,156,11/12/2022
4086,137,18/01/2023
4047,40,03/03/2023
3988,200,12/06/2023
3969,36,04/09/2023
3988,19,07/11/2022
4071,10,07/08/2023
4033,164,31/07/2023
4103,173,27/06/2023
3958,140,17/12/2022
4073,177,09/08/2023
4043,97,06/10/2022
4017,23,11/09/2023
4105,126,06/06/2023
4101,168,20/03/2023
4117,193,15/03/2023
4093,193,14/11/2022
4109,34,19/03/2023
4016,66,16/02/2023
4046,,20/09/2023
4033,172,26/03/2023
4029,84,05/12/2022
4103,105,19/04/2023
3992,21,31/10/2022
4053,136,16/05/2023
4090,,16/03/2023
4020,194,13/05/2023
3983,75,20/07/2023
4040,58,20/09/2023
4089,,09/08/2023
4106,65,16/08/2023
4006,58,06/11/2022
4049,37,13/01/2023
4073,21,11/07/2023
3982,182,23/01/2023
3994,125,04/12/2022
4065,160,17/10/2022
4062,44,03/10/2022
3977,11,21/04/2023
3980,22,24/02/2023
3972,120,04/02/2023
4065,133,19/01/2023
3990,55,11/09/2023
4078,54,20/12/2022
4011,42,04/01/2023
4071,,11/05/2023
3976,165,18/08/2023
4051,139,18/12/2022
4091,117,06/12/2022
4060,187,11/06/2023
4107,80,20/05/2023
4100,97,29/05/2023
4089,125,29/05/2023
4058,45,21/01/2023
4024,189,14/01/2023
4106,141,09/11/2022
4084,189,02/05/2023
4119,90,18/06/2023
4065,151,25/09/2023
4069,61,19/10/2022
4082,192,23/04/2023
4063,98,25/04/2023
3998,43,03/03/2023
3993,176,03/06/2023
4086,55,16/10/2022
3989,187,16/05/2023
4081,191,03/10/2022
4074,,16/01/2023
3990,132,14/07/2023
4088,180,05/04/2023
4092,182,28/10/2022
3987,146,31/01/2023
4011,118,13/04/2023
4073,143,19/10/2022
4078,,22/03/2023
3965,23,12/08/2023
3997,61,11/03/2023
4100,51,27/12/2022
4051,184,17/08/2023
3987,25,16/06/2023
4111,85,06/03/2023
4061,148,10/12/2022
3985,,20/08/2023
3987,36,26/02/2023
4051,182,14/11/2022
4103,67,21/10/2022
4031,153,25/08/2023
3967,140,01/06/2023
4090,188,29/09/2023
3996,180,03/03/2023
3987,,29/10/2022
4052,116,08/12/2022
4035,185,12/06/2023
4052,151,17/02/2023
4034,,11/10/2022
4032,61,12/09/2023
4081,123,29/08/2023
3964,172,12/05/2023
3993,175,01/06/2023
3993,160,07/04/2023
4107,164,18/06/2023
4064,,26/12/2022
3969,59,09/05/2023
4035,55,22/05/2023
4029,29,05/05/2023
4012,,11/12/2022
4003,,10/04/2023
4082,106,20/07/2023
3957,,03/10/2022
3988,77,10/05/2023
4097,,22/12/2022
4046,75,09/10/2022
3974,,22/10/2022
3968,49,04/02/2023
4063,,28/09/2023
4080,162,27/04/2023
4103,,07/01/2023
4036,167,19/06/2023
4101,87,06/09/2023
4072,156,02/04/2023
4043,28,22/08/2023
4053,91,26/04/2023
4078,57,13/02/2023
4112,139,30/04/2023
3990,,07/11/2022
3992,113,23/02/2023
4086,,22/07/2023
4119,64,19/05/2023
4074,94,15/02/2023
4072,65,12/03/2023
4071,168,02/08/2023
3995,153,07/06/2023
4040,176,28/08/2023
3979,,29/07/2023
4116,124,16/01/2023
4116,174,24/11/2022
4061,169,26/06/2023
4056,20,21/01/2023
4016,92,29/07/2023
4058,39,24/09/2023
4043,148,21/07/2023
4095,16,14/09/2023
3968,105,07/06/2023
4070,140,23/07/2023
4028,21,06/07/2023
4122,176,29/09/2023
3979,,21/02/2023
3999,34,04/08/2023
3963,,10/11/2022
4103,147,10/02/2023
4118,170,04/08/2023
4036,,28/09/2023
4100,64,18/06/2023
4122,118,08/05/2023
3988,62,19/10/2022
4121,189,30/07/2023
4100,199,15/08/2023
3978,175,12/03/2023
4006,28,11/03/2023
4115,49,09/10/2022
4095,,23/02/2023
4104,19,03/08/2023
3970,,26/09/2023
4102,,05/09/2023
4090,152,16/01/2023
4005,,14/12/2022
4078,76,03/05/2023
4085,125,13/05/2023
3961,120,02/03/2023
3987,109,20/01/2023
4093,146,06/12/2022
4003,,08/12/2022
3961,26,23/01/2023
4027,159,31/07/2023
4009,,10/02/2023
4019,101,15/04/2023
4105,37,22/11/2022
4070,185,07/12/2022
3978,32,22/11/2022
4093,122,21/12/2022
4112,179,09/07/2023
4039,,28/07/2023
4059,,27/09/2023
4107,110,02/07/2023
3968,149,31/08/2023
4082,172,09/11/2022
3962,,05/09/2023
4044,196,24/11/2022
4068,12,19/03/2023
4003,152,13/08/2023
4063,,26/02/2023
3963,,16/07/2023
4092,110,24/03/2023
4038,31,26/01/2023
4054,199,07/02/2023
4022,98,10/10/2022
3980,175,04/10/2022
3986,46,25/09/2023
3982,,08/11/2022
4095,74,03/01/2023
4000,,17/09/2023
4030,,20/05/2023
3993,23,13/05/2023
4003,150,24/09/2023
4022,150,24/12/2022
3979,,11/12/2022
3996,74,08/01/2023
4035,,31/07/2023
4061,134,30/06/2023
4000,101,27/09/2023
3972,,06/03/2023
4114,35,13/06/2023
4040,27,04/03/2023
4003,91,29/12/2022
3963,94,24/08/2023
3971,88,23/12/2022
4033,49,25/03/2023
4056,103,23/04/2023
3982,119,26/05/2023
4038,,17/06/2023
3993,66,23/09/2023
4062,174,10/06/2023
4039,102,03/11/2022
4023,,21/06/2023
4053,132,15/06/2023
3987,101,28/06/2023
3970,134,13/12/2022
4008,54,06/12/2022
4018,30,14/01/2023
4109,45,20/05/2023
4107,60,28/06/2023
4017,170,27/08/2023
4083,,08/07/2023
4087,,30/08/2023
4086,,06/06/2023
4055,17,31/10/2022
3986,158,19/03/2023
4025,161,03/09/2023
3972,19,08/07/2023
4038,149,27/02/2023
4075,148,05/11/2022
4098,48,18/04/2023
4061,67,26/06/2023
3973,160,27/10/2022
4080,84,16/04/2023
3964,,24/09/2023
4061,33,10/11/2022
4119,138,12/01/2023
4016,,24/09/2023
3961,167,09/02/2023
4025,141,23/07/2023
4098,,26/08/2023
4107,,09/04/2023
3982,154,25/04/2023
4020,47,07/03/2023
4099,133,29/05/2023
3989,20,23/07/2023
4034,134,04/08/2023
4102,77,03/07/2023
4061,20,17/02/2023
4071,142,20/04/2023
3978,102,14/10/2022
4119,126,14/09/2023
4085,20,17/03/2023
4009,92,22/06/2023
3993,,09/05/2023
4052,172,18/09/2023
4095,199,17/05/2023
4000,149,17/08/2023
4019,106,16/02/2023
4094,103,19/07/2023
4065,29,18/04/2023
4099,106,08/01/2023
4072,67,14/09/2023
3967,100,06/07/2023
3957,98,02/02/2023
4075,133,03/10/2022
4115,11,15/08/2023
4031,45,17/05/2023
3999,68,19/12/2022
3957,,13/01/2023
3972,64,22/04/2023
4080,,02/12/2022
4026,,27/10/2022
4110,40,07/07/2023
4021,116,01/11/2022
4054,194,22/07/2023
4046,,13/12/2022
4118,132,03/05/2023
4011,51,13/11/2022
4106,115,16/04/2023
4087,,25/04/2023
4029,,08/12/2022
3968,51,05/10/2022
3998,,21/11/2022
4093,156,04/05/2023
4101,,16/03/2023
3974,,02/04/2023
4033,142,14/03/2023
3979,163,20/05/2023
4058,173,17/09/2023
3988,,18/06/2023
3992,179,28/04/2023
4099,31,21/02/2023
4028,165,20/03/2023
4067,133,14/06/2023
4010,,07/09/2023
4113,163,26/06/2023
4086,,24/04/2023
4038,56,16/03/2023
4044,140,18/03/2023
4119,195,03/04/2023
4023,126,11/06/2023
4072,27,31/03/2023
4026,108,22/11/2022
4019,,29/12/2022
4039,,09/02/2023
4044,139,30/05/2023
4010,48,10/05/2023
4074,55,19/02/2023
4110,167,04/10/2022
4041,146,05/10/2022
3961,40,28/10/2022
3991,,17/04/2023
4122,164,27/06/2023
3957,10,18/05/2023
4112,183,23/03/2023
4078,143,25/06/2023
3958,21,02/05/2023
3959,119,30/06/2023
4001,133,08/12/2022
4062,107,28/02/2023
4099,199,16/09/2023
4082,188,31/10/2022
4057,118,02/04/2023
4094,,07/11/2022
3977,69,02/05/2023
3976,31,15/04/2023
4094,149,31/03/2023
3964,58,09/02/2023
4070,,17/03/2023
3988,11,25/11/2022
4047,40,19/12/2022
4053,106,30/12/2022
4110,186,10/02/2023
4048,114,05/03/2023
4056,49,12/02/2023
4002,159,06/11/2022
3959,147,21/06/2023
3988,103,30/07/2023
4075,184,11/08/2023
4051,62,31/05/2023
4006,152,02/03/2023
4070,104,04/10/2022
3959,133,14/12/2022
4013,88,13/01/2023
3962,190,13/01/2023
4028,45,29/06/2023
4048,178,28/04/2023
4006,,02/07/2023
3980,189,08/05/2023
4114,35,10/10/2022
4117,112,21/06/2023
4034,150,29/01/2023
4013,185,13/03/2023
4016,51,30/05/2023
4083,172,23/10/2022
4049,,03/11/2022
3966,,21/05/2023
4028,,12/10/2022
4083,121,04/02/2023
4112,,29/04/2023
4010,104,09/01/2023
3958,,25/10/2022
4007,,16/08/2023
4120,112,03/03/2023
4058,143,16/02/2023
3985,162,19/12/2022
4028,,18/01/2023
4102,54,21/06/2023
4085,122,27/08/2023
4083,,30/04/2023
4000,142,02/11/2022
4098,18,29/12/2022
4006,140,25/10/2022
4101,69,22/09/2023
4111,182,21/03/2023
4101,,26/10/2022
4001,10,05/07/2023
3973,32,11/08/2023
4107,112,02/07/2023
3989,111,24/01/2023
3973,61,17/10/2022
3989,198,09/08/2023
4023,33,21/02/2023
4102,195,06/11/2022
4015,159,18/01/2023
4090,80,16/02/2023
4027,59,09/09/2023
4006,113,25/07/2023
3962,76,08/10/2022
4093,,27/07/2023
4114,153,11/05/2023
4021,,24/08/2023
4100,39,04/11/2022
4073,75,08/08/2023
3957,157,02/06/2023
4066,123,03/08/2023
4121,154,07/06/2023
3970,72,23/07/2023
4039,127,08/06/2023
4067,160,10/12/2022
4061,133,18/02/2023
4027,,23/03/2023
3988,,19/12/2022
4089,66,13/07/2023
4076,68,16/02/2023
4083,115,27/11/2022
4049,142,17/01/2023
4089,189,05/04/2023
3968,73,19/04/2023
4014,112,10/08/2023
3969,97,17/02/2023
4028,,28/06/2023
4064,131,08/10/2022
4093,65,03/03/2023
4071,78,13/03/2023
4037,,23/10/2022
3958,58,27/05/2023
4057,61,14/01/2023
4006,71,01/04/2023
4042,62,13/04/2023
3977,73,20/09/2023
4103,101,10/06/2023
3963,,04/03/2023
4014,,19/06/2023
4065,183,09/10/2022
3976,136,22/07/2023
4020,148,15/03/2023
4007,133,14/06/2023
3999,90,25/08/2023
4041,157,25/08/2023
4036,135,24/01/2023
3973,,22/07/2023
4117,140,07/02/2023
4117,66,13/09/2023
3981,42,11/10/2022
3964,,23/03/2023
4079,132,28/07/2023
4067,18,19/08/2023
3963,110,09/07/2023
4108,54,25/10/2022
4117,40,12/12/2022
4042,127,03/09/2023
4021,12,11/05/2023
4020,,02/10/2022
3984,158,27/12/2022
4078,,13/08/2023
4018,76,07/02/2023
4044,,17/02/2023
3970,78,16/12/2022
4042,166,31/08/2023
4090,57,24/10/2022
4017,63,29/01/2023
3975,105,17/11/2022
4110,112,01/04/2023
4115,56,30/06/2023
4069,157,05/08/2023
3981,35,12/12/2022
4117,70,21/03/2023
4071,107,25/06/2023
4105,,22/02/2023
3988,199,10/08/2023
3978,,10/10/2022
3972,55,29/05/2023
3965,44,07/01/2023
4053,171,10/03/2023
4037,194,19/12/2022
3973,134,22/10/2022
3989,153,26/01/2023
3972,22,20/11/2022
4070,186,17/07/2023
3971,,15/05/2023
4034,75,07/09/2023
4113,171,25/05/2023
4117,,31/05/2023
4067,76,25/02/2023
3973,153,01/07/2023
3983,75,13/05/2023
3971,115,25/05/2023
4100,,05/04/2023
3970,165,10/08/2023
4032,,07/04/2023
4054,176,29/11/2022
4059,82,03/09/2023
3981,182,09/03/2023
4115,198,05/11/2022
4062,30,21/06/2023
4016,83,07/05/2023
4110,47,15/02/2023
4116,173,18/09/2023
3959,96,26/06/2023
4073,166,22/12/2022
4055,28,13/01/2023
4075,,03/10/2022
4066,90,15/06/2023
4115,84,26/06/2023
4115,164,07/12/2022
3982,79,08/08/2023
4043,102,14/03/2023
3963,143,26/08/2023
4073,115,25/06/2023
4089,,22/04/2023
4041,42,23/09/2023
4107,179,22/06/2023
4006,200,20/02/2023
3984,30,25/11/2022
3983,111,21/07/2023
3960,,05/05/2023
4109,,22/12/2022
3974,150,04/02/2023
4108,,29/08/2023
4006,144,22/01/2023
4103,31,27/12/2022
3989,,09/05/2023
4120,31,17/10/2022
4087,109,27/08/2023
4022,73,04/04/2023
4047,123,09/07/2023
4064,43,12/04/2023
4080,53,16/08/2023
4115,,22/02/2023
4070,93,25/12/2022
4004,129,25/05/2023
4019,148,05/05/2023
3992,150,05/06/2023
3968,188,28/02/2023
3972,161,23/06/2023
3989,171,17/01/2023
4036,154,21/11/2022
4106,173,17/05/2023
4068,89,08/01/2023
4088,133,25/09/2023
4048,32,03/10/2022
4036,103,16/04/2023
4106,49,26/04/2023
4095,10,03/01/2023
3994,44,31/07/2023
3994,130,19/01/2023
4077,186,03/09/2023
4036,132,26/08/2023
4111,120,15/09/2023
4044,162,15/11/2022
4031,11,10/04/2023
4051,58,18/11/2022
3959,153,30/06/2023
4089,73,17/11/2022
4107,,29/05/2023
3994,109,05/07/2023
3971,66,15/06/2023
4017,118,17/12/2022
4086,142,01/03/2023
4100,166,16/12/2022
3970,185,15/04/2023
4065,176,05/04/2023
4045,78,25/03/2023
4007,27,17/07/2023
4008,,10/03/2023
4120,173,02/05/2023
4008,125,16/08/2023
3974,169,09/07/2023
4044,92,01/08/2023
4005,,13/10/2022
4078,,05/05/2023
4076,57,19/12/2022
4110,82,30/01/2023
4041,193,09/12/2022
4105,12,25/05/2023
4101,48,14/12/2022
4042,,22/01/2023
4114,117,01/09/2023
4033,137,01/06/2023
4064,128,01/12/2022
4041,18,20/05/2023
3998,47,17/08/2023
3983,,16/06/2023
4073,28,25/07/2023
3967,56,15/10/2022
4083,,18/12/2022
4013,107,28/12/2022
3957,41,26/01/2023
4120,192,31/05/2023
4014,123,14/09/2023
4015,18,22/07/2023
4076,,30/10/2022
4116,34,20/10/2022
4011,63,29/09/2023
4018,184,09/05/2023
4080,92,12/03/2023
4041,,18/02/2023
4053,200,06/07/2023
4009,143,19/08/2023
4059,,24/08/2023
4004,86,19/05/2023
3958,,30/10/2022
4049,180,10/09/2023
3959,38,11/07/2023
3975,121,22/02/2023
4048,52,28/05/2023
3964,159,18/05/2023
4099,,26/07/2023
3986,12,16/03/2023
3993,158,27/09/2023
4031,131,11/02/2023
4069,49,07/11/2022
4006,32,19/08/2023
4118,137,17/05/2023
4106,,05/05/2023
4049,170,13/06/2023
3968,,11/03/2023
3964,49,11/03/2023
4007,37,13/01/2023
4007,,01/08/2023
4029,152,27/06/2023
4001,98,10/11/2022
4013,122,07/07/2023
4024,15,05/07/2023
4001,101,17/08/2023
4043,74,17/09/2023
4098,134,22/10/2022
4019,153,21/05/2023
4002,188,17/01/2023
4007,155,26/05/2023
3962,,22/06/2023
4002,197,04/11/2022
4024,163,31/03/2023
3982,151,27/07/2023
3962,,04/11/2022
3992,125,15/03/2023
4054,77,11/06/2023
3985,126,06/08/2023
4043,,31/10/2022
4010,107,14/07/2023
4035,14,26/07/2023
4073,103,05/03/2023
4018,71,09/04/2023
4051,26,20/06/2023
4052,147,09/08/2023
4000,58,01/10/2023
4091,137,19/08/2023
4116,49,19/04/2023
4068,92,26/12/2022
3973,92,27/04/2023
3987,,10/07/2023
3993,27,17/01/2023
3990,,17/06/2023
4005,55,13/02/2023
4006,61,10/07/2023
4093,,21/06/2023
4053,,16/05/2023
4052,,30/04/2023
4038,109,15/01/2023
4110,144,27/06/2023
4066,161,13/10/2022
4119,103,20/12/2022
4019,193,10/10/2022
3968,,17/09/2023
4114,63,04/06/2023
4107,30,24/04/2023
4005,173,11/11/2022
4094,,18/12/2022
4032,116,31/01/2023
3995,191,01/08/2023
4040,,24/04/2023
4020,145,15/09/2023
3970,,26/11/2022
4118,,02/01/2023
4028,65,29/11/2022
3989,34,21/08/2023
4087,,08/09/2023
4106,108,06/08/2023
4082,,16/10/2022
4010,73,21/08/2023
3977,55,21/03/2023
4077,152,16/11/2022
4114,37,09/07/2023
3973,157,08/07/2023
3999,127,22/11/2022
4087,119,20/12/2022
4056,52,19/07/2023
4122,150,29/08/2023
4087,96,05/07/2023
4052,146,26/06/2023
4084,123,27/08/2023
4089,90,18/04/2023
4075,93,02/09/2023
4002,115,21/11/2022
4039,120,20/06/2023
4052,92,09/12/2022
4091,154,15/10/2022
4080,106,30/08/2023
4083,200,09/06/2023
4078,125,05/10/2022
4025,111,25/04/2023
4105,,18/04/2023
4059,,03/08/2023
4120,14,20/10/2022
4106,87,01/12/2022
3966,,26/10/2022
4010,64,22/05/2023
4013,15,29/07/2023
4008,186,08/12/2022
4072,151,22/01/2023
4017,156,05/06/2023
4058,49,16/12/2022
4012,,30/07/2023
4035,49,13/07/2023
4065,,14/12/2022
4053,159,18/04/2023
4103,75,12/07/2023
3997,33,08/08/2023
4052,155,28/01/2023
4022,197,24/01/2023
4097,,19/02/2023
3978,133,28/09/2023
3991,,20/06/2023
3978,186,06/09/2023
4032,34,13/05/2023
4070,86,05/09/2023
4089,,06/03/2023
4047,107,09/08/2023
4015,,22/05/2023
4106,,25/10/2022
3967,99,03/02/2023
4076,121,12/03/2023
4088,40,24/10/2022
4116,68,05/05/2023
4043,164,10/06/2023
4066,172,18/03/2023
4072,107,25/05/2023
4076,,20/06/2023
4067,91,12/08/2023
4061,48,01/05/2023
4051,188,24/06/2023
4084,22,25/01/2023
4038,110,07/01/2023
4026,162,24/03/2023
4054,33,01/04/2023
3963,84,20/09/2023
4002,47,18/05/2023
4070,,08/10/2022
4016,,08/06/2023
4024,22,16/05/2023
4122,77,30/01/2023
3976,,22/11/2022
4048,188,28/12/2022
3978,,03/09/2023
4032,,21/01/2023
4085,134,22/11/2022
4088,156,16/03/2023
4096,,19/03/2023
4121,198,25/03/2023
3977,72,21/08/2023
4027,,23/10/2022
4015,92,15/09/2023
3982,157,13/03/2023
3987,,15/05/2023
3975,118,13/09/2023
4049,58,18/10/2022
3966,162,03/04/2023
4096,88,06/12/2022
4008,,27/08/2023
4042,123,18/11/2022
4007,122,27/06/2023
4041,,03/06/2023
4021,61,14/08/2023
4034,49,06/08/2023
4027,31,12/09/2023
4005,,23/01/2023
4111,,23/06/2023
3992,47,19/02/2023
4096,83,30/09/2023
4023,,22/02/2023
3959,38,13/02/2023
4033,130,24/10/2022
4029,,10/03/2023
4045,147,08/04/2023
4060,149,19/06/2023
4060,76,04/07/2023
4105,169,17/01/2023
3960,46,24/11/2022
4077,181,10/11/2022
4088,,10/03/2023
3995,179,03/11/2022
4058,75,08/03/2023
4015,,06/06/2023
4015,188,28/10/2022
4010,23,31/08/2023
4078,12,26/09/2023
4016,,23/11/2022
4089,179,19/12/2022
4107,178,26/01/2023
4098,37,29/08/2023
4076,,16/03/2023
4075,176,27/10/2022
4044,107,11/01/2023
3978,191,25/04/2023
4037,,03/07/2023
4005,162,17/05/2023
4066,57,29/11/2022
4063,,17/03/2023
4010,153,19/08/2023
4069,15,21/04/2023
4072,,02/07/2023
4099,88,06/08/2023
3964,110,09/11/2022
4052,14,21/10/2022
3992,100,27/07/2023
4104,87,25/08/2023
3989,138,14/05/2023
4035,25,20/05/2023
3959,109,14/08/2023
4084,17,18/05/2023
4047,81,04/07/2023
4043,97,29/10/2022
4014,178,13/12/2022
4064,,28/01/2023
4065,143,25/08/2023
4060,166,05/03/2023
4094,185,19/08/2023
4033,71,15/02/2023
4040,119,02/04/2023
4107,164,08/05/2023
3962,148,21/06/2023
4102,,28/02/2023
3965,158,13/02/2023
3992,61,30/04/2023
3996,89,01/06/2023
4041,144,23/07/2023
4102,120,01/03/2023
4118,47,14/10/2022
4111,154,28/01/2023
4112,91,06/05/2023
4103,,08/05/2023
4057,194,03/03/2023
4054,,13/10/2022
4009,47,04/11/2022
4057,91,11/05/2023
3973,115,21/01/2023
4093,87,09/12/2022
4055,173,11/08/2023
4005,80,14/03/2023
4078,,04/06/2023
3984,,21/01/2023
4041,,14/06/2023
4102,,18/06/2023
4072,167,05/09/2023
4120,155,16/01/2023
4034,162,01/12/2022
3980,185,01/04/2023
4000,,27/07/2023
3983,,14/06/2023
4098,44,07/04/2023
4002,164,21/05/2023
3965,176,28/09/2023
4111,109,23/12/2022
4082,45,05/08/2023
3963,,27/09/2023
4004,114,09/09/2023
4007,13,16/12/2022
3974,115,06/09/2023
4055,181,14/05/2023
4029,62,29/01/2023
4009,,24/11/2022
4016,122,19/06/2023
4031,135,21/04/2023
4091,127,15/07/2023
3974,119,16/01/2023
4073,20,30/09/2023
3971,107,21/10/2022
4051,110,10/12/2022
4089,200,18/07/2023
3959,147,16/11/2022
4000,190,20/03/2023
4040,143,15/07/2023
4062,,08/04/2023
4057,20,28/09/2023
3997,72,05/09/2023
3985,111,06/03/2023
3990,20,26/08/2023
4094,142,24/12/2022
4064,22,26/01/2023
4079,,26/01/2023
3974,87,30/12/2022
4056,83,04/03/2023
4009,118,17/11/2022
3990,23,12/04/2023
4009,46,10/04/2023
4036,175,06/11/2022
4067,194,10/07/2023
4078,56,28/03/2023
3997,188,18/08/2023
4111,110,09/02/2023
4104,125,04/07/2023
4036,,05/02/2023
4107,192,27/07/2023
4008,126,11/05/2023
4085,,19/04/2023
4074,176,14/10/2022
4027,51,28/05/2023
4008,41,16/01/2023
3958,,04/03/2023
3993,172,28/02/2023
4071,144,16/04/2023
3973,196,31/05/2023
4059,140,30/09/2023
4111,50,09/02/2023
4020,107,19/04/2023
4091,,31/12/2022
4041,,03/12/2022
4102,178,27/03/2023
4082,51,21/08/2023
4074,55,22/07/2023
4075,23,02/04/2023
4104,89,07/07/2023
3967,124,24/02/2023
3980,56,30/08/2023
4030,,13/11/2022
4122,,19/08/2023
4073,169,08/06/2023
4045,13,16/02/2023
4033,137,10/08/2023
4057,11,29/11/2022
4113,136,07/05/2023
4001,160,03/11/2022
4063,126,16/05/2023
4020,30,03/10/2022
4002,11,23/03/2023
4115,150,08/10/2022
4067,170,23/12/2022
4074,63,25/12/2022
4055,,10/11/2022
4003,,21/06/2023
4102,19,07/09/2023
3981,,19/11/2022
4057,,27/04/2023
3968,164,18/07/2023
4018,32,11/07/2023
3997,,07/11/2022
4027,55,28/08/2023
4117,,25/02/2023
4094,179,21/11/2022
4031,162,26/01/2023
3974,153,04/03/2023
4012,,19/02/2023
4083,158,08/09/2023
4062,19,04/06/2023
4098,,17/04/2023
3988,104,24/09/2023
4051,27,31/10/2022
3976,150,28/09/2023
3983,,31/07/2023
4086,41,09/02/2023
4040,80,16/07/2023
4061,115,14/01/2023
4072,188,22/09/2023
3999,24,08/06/2023
4021,,20/05/2023
4010,171,26/02/2023
4086,32,15/10/2022
3968,186,06/12/2022
4075,190,31/07/2023
3963,165,05/12/2022
3975,76,03/07/2023
4120,169,27/04/2023
4075,43,26/02/2023
4054,137,07/09/2023
4044,171,24/08/2023
4059,56,02/02/2023
4006,69,13/01/2023
4058,59,16/10/2022
3966,,18/12/2022
3959,,07/05/2023
4021,40,22/08/2023
3986,63,29/03/2023
3991,116,17/10/2022
4040,95,23/07/2023
4075,173,28/08/2023
4081,173,28/07/2023
4075,82,16/04/2023
3974,27,29/09/2023
3978,139,05/01/2023
4097,11,30/11/2022
4019,,14/07/2023
4069,111,06/01/2023
3992,167,02/05/2023
4077,54,13/04/2023
4028,,21/05/2023
3998,182,25/05/2023
4000,131,04/12/2022
3961,175,05/08/2023
4112,,13/04/2023
3982,,02/05/2023
4002,147,01/05/2023
4032,128,12/05/2023
3988,115,10/11/2022
4093,24,02/10/2022
4057,86,12/12/2022
4000,183,11/03/2023
3976,147,21/04/2023
3959,,02/02/2023
4026,94,21/02/2023
3996,100,30/12/2022
4069,,18/10/2022
4048,,09/12/2022
4002,96,06/12/2022
4012,170,09/12/2022
3965,52,15/09/2023
4093,109,24/09/2023
4012,,22/01/2023
4070,,16/02/2023
3969,88,12/08/2023
4119,90,30/07/2023
4090,79,07/07/2023
4121,137,22/10/2022
3983,105,08/11/2022
4056,87,16/01/2023
4035,87,14/05/2023
4070,,06/05/2023
3970,19,12/07/2023
4110,33,23/01/2023
3958,16,05/05/2023
3969,138,08/06/2023
4053,,03/04/2023
4008,133,14/08/2023
4020,144,10/10/2022
4052,93,19/11/2022
4018,,01/06/2023
4008,142,21/05/2023
3980,43,12/08/2023
3961,19,07/11/2022
4064,192,18/03/2023
3964,39,17/12/2022
3960,,23/08/2023
4043,185,06/03/2023
4006,32,20/02/2023
3973,21,26/04/2023
4013,,02/12/2022
3981,200,19/02/2023
3999,157,01/03/2023
3999,173,15/10/2022
3968,92,13/08/2023
4063,83,25/12/2022
4088,91,18/01/2023
3984,181,04/02/2023
4040,,30/03/2023
4039,,03/11/2022
4100,13,24/05/2023
4117,153,06/03/2023
4005,62,22/04/2023
4116,150,04/04/2023
4010,46,12/05/2023
4095,82,08/03/2023
4058,53,12/12/2022
4066,,12/04/2023
3987,96,28/10/2022
4016,22,27/11/2022
4011,,10/07/2023
3984,182,16/04/2023
4048,,05/02/2023
4039,32,09/06/2023
4001,55,06/12/2022
3960,161,14/04/2023
4059,186,21/01/2023
4037,167,05/11/2022
3960,95,19/07/2023
4056,192,28/07/2023
4011,146,02/04/2023
4074,,27/08/2023
4013,129,15/04/2023
3973,33,11/08/2023
4028,188,22/08/2023
4116,126,22/03/2023
4051,174,02/04/2023
3968,129,27/07/2023
3974,67,21/12/2022
4012,,25/08/2023
4062,76,03/01/2023
4034,110,07/06/2023
4110,,17/09/2023
4084,94,14/05/2023
3983,93,12/04/2023
4094,17,13/02/2023
4102,,18/11/2022
4000,,03/03/2023
4021,53,09/08/2023
3981,99,25/10/2022
4110,42,15/10/2022
4040,113,20/01/2023
4118,37,09/07/2023
4056,176,16/03/2023
3991,,03/10/2022
4042,128,01/01/2023
4001,115,22/03/2023
